{
  "thresholds": [
    0.0,
    0.01,
    0.02,
    0.03,
    0.04,
    0.05,
    0.06,
    0.07,
    0.08,
    0.09,
    0.1,
    0.11,
    0.12,
    0.13,
    0.14,
    0.15,
    0.16,
    0.17,
    0.18,
    0.19,
    0.2,
    0.21,
    0.22,
    0.23,
    0.24,
    0.25,
    0.26,
    0.27,
    0.28,
    0.29,
    0.3,
    0.31,
    0.32,
    0.33,
    0.34,
    0.35000000000000003,
    0.36,
    0.37,
    0.38,
    0.39,
    0.4,
    0.41000000000000003,
    0.42,
    0.43,
    0.44,
    0.45,
    0.46,
    0.47000000000000003,
    0.48,
    0.49,
    0.5,
    0.51,
    0.52,
    0.53,
    0.54,
    0.55,
    0.56,
    0.5700000000000001,
    0.58,
    0.59,
    0.6,
    0.61,
    0.62,
    0.63,
    0.64,
    0.65,
    0.66,
    0.67,
    0.68,
    0.6900000000000001,
    0.7000000000000001,
    0.71,
    0.72,
    0.73,
    0.74,
    0.75,
    0.76,
    0.77,
    0.78,
    0.79,
    0.8,
    0.81,
    0.8200000000000001,
    0.8300000000000001,
    0.84,
    0.85,
    0.86,
    0.87,
    0.88,
    0.89,
    0.9,
    0.91,
    0.92,
    0.93,
    0.9400000000000001,
    0.9500000000000001,
    0.96,
    0.97,
    0.98,
    0.99,
    1.0
  ],
  "precision": [
    0.709,
    0.7194,
    0.7346,
    0.7515,
    0.7649,
    0.7783,
    0.7907,
    0.802,
    0.8152,
    0.8234,
    0.8351,
    0.8441,
    0.8519,
    0.8589,
    0.8653,
    0.8708,
    0.8768,
    0.884,
    0.8902,
    0.8948,
    0.9009,
    0.9058,
    0.9114,
    0.9147,
    0.9188,
    0.9231,
    0.9252,
    0.9282,
    0.9308,
    0.9338,
    0.9362,
    0.9391,
    0.9409,
    0.9432,
    0.9458,
    0.9487,
    0.9515,
    0.9539,
    0.956,
    0.9583,
    0.9597,
    0.9618,
    0.9637,
    0.9647,
    0.9663,
    0.9686,
    0.9693,
    0.9709,
    0.9714,
    0.9723,
    0.9738,
    0.9753,
    0.977,
    0.9778,
    0.9794,
    0.9799,
    0.9807,
    0.9812,
    0.9816,
    0.9819,
    0.9827,
    0.9837,
    0.984,
    0.9846,
    0.9852,
    0.986,
    0.9866,
    0.987,
    0.9872,
    0.9873,
    0.9881,
    0.9887,
    0.9889,
    0.989,
    0.9896,
    0.9898,
    0.9902,
    0.9901,
    0.9904,
    0.9904,
    0.9903,
    0.9905,
    0.9906,
    0.9905,
    0.9912,
    0.9914,
    0.9917,
    0.992,
    0.9919,
    0.9923,
    0.9924,
    0.9924,
    0.9925,
    0.9925,
    0.9935,
    0.9931,
    0.9926,
    0.9929,
    0.993,
    0.9947,
    0.0
  ],
  "recall": [
    1.0,
    0.9998,
    0.9989,
    0.9962,
    0.9949,
    0.9928,
    0.9917,
    0.99,
    0.9893,
    0.9876,
    0.9861,
    0.9845,
    0.983,
    0.981,
    0.9779,
    0.9759,
    0.974,
    0.9725,
    0.9704,
    0.9681,
    0.9665,
    0.9638,
    0.9631,
    0.9616,
    0.958,
    0.9568,
    0.954,
    0.9521,
    0.9506,
    0.9485,
    0.9463,
    0.9442,
    0.9429,
    0.942,
    0.9399,
    0.9378,
    0.9354,
    0.9325,
    0.9303,
    0.9278,
    0.9248,
    0.9208,
    0.9193,
    0.9161,
    0.9141,
    0.9114,
    0.9092,
    0.9067,
    0.9033,
    0.9003,
    0.8969,
    0.8845,
    0.8813,
    0.8794,
    0.876,
    0.8739,
    0.8703,
    0.8671,
    0.8647,
    0.8605,
    0.8577,
    0.853,
    0.8487,
    0.8456,
    0.8424,
    0.8389,
    0.8334,
    0.8294,
    0.8255,
    0.8223,
    0.8159,
    0.8089,
    0.8027,
    0.798,
    0.7919,
    0.7844,
    0.7778,
    0.7708,
    0.7618,
    0.7578,
    0.7514,
    0.745,
    0.7378,
    0.7303,
    0.7226,
    0.713,
    0.6956,
    0.6815,
    0.667,
    0.6538,
    0.6366,
    0.6182,
    0.6005,
    0.5746,
    0.5454,
    0.5164,
    0.4828,
    0.4235,
    0.3494,
    0.2124,
    0.0
  ],
  "f1": [
    0.8297,
    0.8368,
    0.8466,
    0.8567,
    0.8648,
    0.8725,
    0.8799,
    0.8861,
    0.8938,
    0.898,
    0.9043,
    0.9089,
    0.9128,
    0.9159,
    0.9182,
    0.9204,
    0.9229,
    0.9261,
    0.9286,
    0.93,
    0.9325,
    0.9339,
    0.9365,
    0.9375,
    0.938,
    0.9397,
    0.9394,
    0.94,
    0.9406,
    0.9411,
    0.9412,
    0.9416,
    0.9419,
    0.9426,
    0.9428,
    0.9432,
    0.9434,
    0.9431,
    0.943,
    0.9428,
    0.9419,
    0.9409,
    0.941,
    0.9398,
    0.9395,
    0.9391,
    0.9382,
    0.9377,
    0.9361,
    0.9349,
    0.9338,
    0.9277,
    0.9267,
    0.926,
    0.9248,
    0.9239,
    0.9222,
    0.9207,
    0.9194,
    0.9172,
    0.916,
    0.9137,
    0.9114,
    0.9099,
    0.9083,
    0.9065,
    0.9036,
    0.9014,
    0.8991,
    0.8973,
    0.8938,
    0.8898,
    0.8861,
    0.8833,
    0.8798,
    0.8752,
    0.8712,
    0.8668,
    0.8612,
    0.8586,
    0.8545,
    0.8504,
    0.8458,
    0.8407,
    0.8358,
    0.8294,
    0.8177,
    0.808,
    0.7976,
    0.7882,
    0.7757,
    0.7618,
    0.7482,
    0.7279,
    0.7042,
    0.6795,
    0.6497,
    0.5937,
    0.5169,
    0.3501,
    0.0
  ],
  "best_threshold": 0.36
}